{
    "accuracy": 0.8571428571428571,
    "precision": 0.6818181818181818,
    "recall": 0.75,
    "f1_score": 0.7142857142857143,
    "roc_auc": 0.9203125,
    "confusion_matrix": [
        [
            57,
            7
        ],
        [
            5,
            15
        ]
    ],
    "classification_report": {
        "0": {
            "precision": 0.9193548387096774,
            "recall": 0.890625,
            "f1-score": 0.9047619047619047,
            "support": 64.0
        },
        "1": {
            "precision": 0.6818181818181818,
            "recall": 0.75,
            "f1-score": 0.7142857142857143,
            "support": 20.0
        },
        "accuracy": 0.8571428571428571,
        "macro avg": {
            "precision": 0.8005865102639296,
            "recall": 0.8203125,
            "f1-score": 0.8095238095238095,
            "support": 84.0
        },
        "weighted avg": {
            "precision": 0.8627984918307499,
            "recall": 0.8571428571428571,
            "f1-score": 0.8594104308390023,
            "support": 84.0
        }
    },
    "training_time": 0.7456550598144531,
    "cv_accuracy_mean": 0.9037087290818635,
    "cv_accuracy_std": 0.024041949043997778,
    "cv_f1_mean": 0.8020408800124823,
    "cv_f1_std": 0.043405469358209235,
    "cv_roc_auc_mean": 0.9769411764705882,
    "cv_roc_auc_std": 0.004577376332233301,
    "cv_folds": 5,
    "cv_fold_accuracies": [
        0.9104477611940298,
        0.8656716417910447,
        0.9090909090909091,
        0.8939393939393939,
        0.9393939393939394
    ]
}