{
    "accuracy": 0.8928571428571429,
    "precision": 0.7619047619047619,
    "recall": 0.8,
    "f1_score": 0.7804878048780488,
    "roc_auc": 0.94296875,
    "confusion_matrix": [
        [
            59,
            5
        ],
        [
            4,
            16
        ]
    ],
    "classification_report": {
        "0": {
            "precision": 0.9365079365079365,
            "recall": 0.921875,
            "f1-score": 0.9291338582677166,
            "support": 64.0
        },
        "1": {
            "precision": 0.7619047619047619,
            "recall": 0.8,
            "f1-score": 0.7804878048780488,
            "support": 20.0
        },
        "accuracy": 0.8928571428571429,
        "macro avg": {
            "precision": 0.8492063492063492,
            "recall": 0.8609375,
            "f1-score": 0.8548108315728826,
            "support": 84.0
        },
        "weighted avg": {
            "precision": 0.8949357520786092,
            "recall": 0.8928571428571429,
            "f1-score": 0.8937419407939861,
            "support": 84.0
        }
    },
    "training_time": 1.3610188961029053,
    "cv_accuracy_mean": 0.8975576662143826,
    "cv_accuracy_std": 0.029189670142794822,
    "cv_f1_mean": 0.7694813409234661,
    "cv_f1_std": 0.08007427756696489,
    "cv_roc_auc_mean": 0.9631127450980392,
    "cv_roc_auc_std": 0.015176703334588593,
    "cv_folds": 5,
    "cv_fold_accuracies": [
        0.8656716417910447,
        0.9402985074626866,
        0.8787878787878788,
        0.8787878787878788,
        0.9242424242424242
    ]
}