{
    "accuracy": 0.8690476190476191,
    "precision": 0.6551724137931034,
    "recall": 0.95,
    "f1_score": 0.7755102040816326,
    "roc_auc": 0.95390625,
    "confusion_matrix": [
        [
            54,
            10
        ],
        [
            1,
            19
        ]
    ],
    "classification_report": {
        "0": {
            "precision": 0.9818181818181818,
            "recall": 0.84375,
            "f1-score": 0.9075630252100839,
            "support": 64.0
        },
        "1": {
            "precision": 0.6551724137931034,
            "recall": 0.95,
            "f1-score": 0.7755102040816326,
            "support": 20.0
        },
        "accuracy": 0.8690476190476191,
        "macro avg": {
            "precision": 0.8184952978056426,
            "recall": 0.896875,
            "f1-score": 0.8415366146458583,
            "support": 84.0
        },
        "weighted avg": {
            "precision": 0.9040453799074489,
            "recall": 0.8690476190476191,
            "f1-score": 0.8761218773223574,
            "support": 84.0
        }
    },
    "training_time": 0.045041799545288086,
    "cv_accuracy_mean": 0.8614654002713704,
    "cv_accuracy_std": 0.01730280538906593,
    "cv_f1_mean": 0.7414692114835586,
    "cv_f1_std": 0.02615918235257812,
    "cv_roc_auc_mean": 0.9592941176470589,
    "cv_roc_auc_std": 0.010997266882854692,
    "cv_folds": 5,
    "cv_fold_accuracies": [
        0.8805970149253731,
        0.835820895522388,
        0.8484848484848485,
        0.8636363636363636,
        0.8787878787878788
    ]
}