{
    "accuracy": 0.8452380952380952,
    "precision": 0.6521739130434783,
    "recall": 0.75,
    "f1_score": 0.6976744186046512,
    "roc_auc": 0.90078125,
    "confusion_matrix": [
        [
            56,
            8
        ],
        [
            5,
            15
        ]
    ],
    "classification_report": {
        "0": {
            "precision": 0.9180327868852459,
            "recall": 0.875,
            "f1-score": 0.8959999999999999,
            "support": 64.0
        },
        "1": {
            "precision": 0.6521739130434783,
            "recall": 0.75,
            "f1-score": 0.6976744186046512,
            "support": 20.0
        },
        "accuracy": 0.8452380952380952,
        "macro avg": {
            "precision": 0.785103349964362,
            "recall": 0.8125,
            "f1-score": 0.7968372093023255,
            "support": 84.0
        },
        "weighted avg": {
            "precision": 0.8547330550181584,
            "recall": 0.8452380952380952,
            "f1-score": 0.8487796234772977,
            "support": 84.0
        }
    },
    "training_time": 0.05633282661437988,
    "cv_accuracy_mean": 0.891542288557214,
    "cv_accuracy_std": 0.04086045208665588,
    "cv_f1_mean": 0.7490713208360267,
    "cv_f1_std": 0.10720574270802789,
    "cv_roc_auc_mean": 0.940735294117647,
    "cv_roc_auc_std": 0.04386750162662486,
    "cv_folds": 5,
    "cv_fold_accuracies": [
        0.8507462686567164,
        0.9402985074626866,
        0.8787878787878788,
        0.8484848484848485,
        0.9393939393939394
    ]
}