{
    "accuracy": 0.8690476190476191,
    "precision": 0.6956521739130435,
    "recall": 0.8,
    "f1_score": 0.7441860465116279,
    "roc_auc": 0.93046875,
    "confusion_matrix": [
        [
            57,
            7
        ],
        [
            4,
            16
        ]
    ],
    "classification_report": {
        "0": {
            "precision": 0.9344262295081968,
            "recall": 0.890625,
            "f1-score": 0.9120000000000001,
            "support": 64.0
        },
        "1": {
            "precision": 0.6956521739130435,
            "recall": 0.8,
            "f1-score": 0.7441860465116279,
            "support": 20.0
        },
        "accuracy": 0.8690476190476191,
        "macro avg": {
            "precision": 0.81503920171062,
            "recall": 0.8453125,
            "f1-score": 0.828093023255814,
            "support": 84.0
        },
        "weighted avg": {
            "precision": 0.877575263890303,
            "recall": 0.8690476190476191,
            "f1-score": 0.8720442967884829,
            "support": 84.0
        }
    },
    "training_time": 1.1405329704284668,
    "cv_accuracy_mean": 0.8976481230212574,
    "cv_accuracy_std": 0.02568463648871471,
    "cv_f1_mean": 0.7853276353276353,
    "cv_f1_std": 0.04544548027942152,
    "cv_roc_auc_mean": 0.9686911764705883,
    "cv_roc_auc_std": 0.010483225648258754,
    "cv_folds": 5,
    "cv_fold_accuracies": [
        0.9104477611940298,
        0.8656716417910447,
        0.9393939393939394,
        0.8939393939393939,
        0.8787878787878788
    ]
}