{
    "accuracy": 0.7976190476190477,
    "precision": 0.5555555555555556,
    "recall": 0.75,
    "f1_score": 0.6382978723404256,
    "roc_auc": 0.863671875,
    "confusion_matrix": [
        [
            52,
            12
        ],
        [
            5,
            15
        ]
    ],
    "classification_report": {
        "0": {
            "precision": 0.9122807017543859,
            "recall": 0.8125,
            "f1-score": 0.859504132231405,
            "support": 64.0
        },
        "1": {
            "precision": 0.5555555555555556,
            "recall": 0.75,
            "f1-score": 0.6382978723404256,
            "support": 20.0
        },
        "accuracy": 0.7976190476190477,
        "macro avg": {
            "precision": 0.7339181286549707,
            "recall": 0.78125,
            "f1-score": 0.7489010022859153,
            "support": 84.0
        },
        "weighted avg": {
            "precision": 0.8273461431356168,
            "recall": 0.7976190476190477,
            "f1-score": 0.8068359751145051,
            "support": 84.0
        }
    }
}