{
    "accuracy": 0.8690476190476191,
    "precision": 0.7142857142857143,
    "recall": 0.75,
    "f1_score": 0.7317073170731706,
    "roc_auc": 0.9406249999999999,
    "confusion_matrix": [
        [
            58,
            6
        ],
        [
            5,
            15
        ]
    ],
    "classification_report": {
        "0": {
            "precision": 0.9206349206349206,
            "recall": 0.90625,
            "f1-score": 0.9133858267716536,
            "support": 64.0
        },
        "1": {
            "precision": 0.7142857142857143,
            "recall": 0.75,
            "f1-score": 0.7317073170731706,
            "support": 20.0
        },
        "accuracy": 0.8690476190476191,
        "macro avg": {
            "precision": 0.8174603174603174,
            "recall": 0.828125,
            "f1-score": 0.8225465719224121,
            "support": 84.0
        },
        "weighted avg": {
            "precision": 0.8715041572184429,
            "recall": 0.8690476190476191,
            "f1-score": 0.8701290387482052,
            "support": 84.0
        }
    }
}