{
    "accuracy": 0.8690476190476191,
    "precision": 0.6956521739130435,
    "recall": 0.8,
    "f1_score": 0.7441860465116279,
    "roc_auc": 0.94453125,
    "confusion_matrix": [
        [
            57,
            7
        ],
        [
            4,
            16
        ]
    ],
    "classification_report": {
        "0": {
            "precision": 0.9344262295081968,
            "recall": 0.890625,
            "f1-score": 0.9120000000000001,
            "support": 64.0
        },
        "1": {
            "precision": 0.6956521739130435,
            "recall": 0.8,
            "f1-score": 0.7441860465116279,
            "support": 20.0
        },
        "accuracy": 0.8690476190476191,
        "macro avg": {
            "precision": 0.81503920171062,
            "recall": 0.8453125,
            "f1-score": 0.828093023255814,
            "support": 84.0
        },
        "weighted avg": {
            "precision": 0.877575263890303,
            "recall": 0.8690476190476191,
            "f1-score": 0.8720442967884829,
            "support": 84.0
        }
    }
}