{
    "accuracy": 0.7976190476190477,
    "precision": 0.5789473684210527,
    "recall": 0.55,
    "f1_score": 0.5641025641025641,
    "roc_auc": 0.9015625,
    "confusion_matrix": [
        [
            56,
            8
        ],
        [
            9,
            11
        ]
    ],
    "classification_report": {
        "0": {
            "precision": 0.8615384615384616,
            "recall": 0.875,
            "f1-score": 0.8682170542635659,
            "support": 64.0
        },
        "1": {
            "precision": 0.5789473684210527,
            "recall": 0.55,
            "f1-score": 0.5641025641025641,
            "support": 20.0
        },
        "accuracy": 0.7976190476190477,
        "macro avg": {
            "precision": 0.7202429149797571,
            "recall": 0.7125,
            "f1-score": 0.716159809183065,
            "support": 84.0
        },
        "weighted avg": {
            "precision": 0.7942548679390785,
            "recall": 0.7976190476190477,
            "f1-score": 0.7958088423204702,
            "support": 84.0
        }
    }
}