model,accuracy,f1_score,precision,recall,roc_auc,training_time,std_dev
xgboost,1.0,1.0,1.0,1.0,1.0,0.1239614486694336,0.0
gradient_boosting,1.0,1.0,1.0,1.0,1.0,0.06992683410644532,0.0
knn,1.0,1.0,1.0,1.0,1.0,0.03204236030578613,0.0
random_forest,0.9880144730891001,0.9741544477028349,0.9882352941176471,0.9625,0.9997549019607843,0.08454251289367676,0.011181573688186293
adaboost,0.9697874265038443,0.9358333333333334,0.9482142857142858,0.925,0.9957549019607844,0.054440641403198244,0.019166173012737528
svm,0.9308457711442786,0.8466705069124425,0.9036904761904762,0.8,0.9801911764705883,0.008258676528930664,0.043787635336788956
logistic_regression,0.9005879692446858,0.7761435582019237,0.8438461538461539,0.7375,0.9655784313725491,0.006189870834350586,0.027839028385230436
naive_bayes,0.8434192672998643,0.7324535084740477,0.6316944583476023,0.8875,0.9433529411764706,0.005393028259277344,0.025892066041447885
