{
    "accuracy": 0.8095238095238095,
    "precision": 0.625,
    "recall": 0.5,
    "f1_score": 0.5555555555555556,
    "roc_auc": 0.89296875,
    "confusion_matrix": [
        [
            58,
            6
        ],
        [
            10,
            10
        ]
    ],
    "classification_report": {
        "0": {
            "precision": 0.8529411764705882,
            "recall": 0.90625,
            "f1-score": 0.8787878787878787,
            "support": 64.0
        },
        "1": {
            "precision": 0.625,
            "recall": 0.5,
            "f1-score": 0.5555555555555556,
            "support": 20.0
        },
        "accuracy": 0.8095238095238095,
        "macro avg": {
            "precision": 0.7389705882352942,
            "recall": 0.703125,
            "f1-score": 0.7171717171717171,
            "support": 84.0
        },
        "weighted avg": {
            "precision": 0.7986694677871149,
            "recall": 0.8095238095238095,
            "f1-score": 0.8018278018278018,
            "support": 84.0
        }
    }
}