{
    "accuracy": 0.7976190476190477,
    "precision": 0.5517241379310345,
    "recall": 0.8,
    "f1_score": 0.6530612244897959,
    "roc_auc": 0.870703125,
    "confusion_matrix": [
        [
            51,
            13
        ],
        [
            4,
            16
        ]
    ],
    "classification_report": {
        "0": {
            "precision": 0.9272727272727272,
            "recall": 0.796875,
            "f1-score": 0.8571428571428571,
            "support": 64.0
        },
        "1": {
            "precision": 0.5517241379310345,
            "recall": 0.8,
            "f1-score": 0.6530612244897959,
            "support": 20.0
        },
        "accuracy": 0.7976190476190477,
        "macro avg": {
            "precision": 0.7394984326018809,
            "recall": 0.7984375,
            "f1-score": 0.7551020408163265,
            "support": 84.0
        },
        "weighted avg": {
            "precision": 0.8378563964770862,
            "recall": 0.7976190476190477,
            "f1-score": 0.8085519922254615,
            "support": 84.0
        }
    }
}