{
    "accuracy": 0.7857142857142857,
    "precision": 0.5416666666666666,
    "recall": 0.65,
    "f1_score": 0.5909090909090908,
    "roc_auc": 0.8640625,
    "confusion_matrix": [
        [
            53,
            11
        ],
        [
            7,
            13
        ]
    ],
    "classification_report": {
        "0": {
            "precision": 0.8833333333333333,
            "recall": 0.828125,
            "f1-score": 0.8548387096774193,
            "support": 64.0
        },
        "1": {
            "precision": 0.5416666666666666,
            "recall": 0.65,
            "f1-score": 0.5909090909090908,
            "support": 20.0
        },
        "accuracy": 0.7857142857142857,
        "macro avg": {
            "precision": 0.7124999999999999,
            "recall": 0.7390625,
            "f1-score": 0.722873900293255,
            "support": 84.0
        },
        "weighted avg": {
            "precision": 0.8019841269841269,
            "recall": 0.7857142857142857,
            "f1-score": 0.7919983242563886,
            "support": 84.0
        }
    }
}