{
    "accuracy": 0.8571428571428571,
    "precision": 0.6818181818181818,
    "recall": 0.75,
    "f1_score": 0.7142857142857143,
    "roc_auc": 0.921875,
    "confusion_matrix": [
        [
            57,
            7
        ],
        [
            5,
            15
        ]
    ],
    "classification_report": {
        "0": {
            "precision": 0.9193548387096774,
            "recall": 0.890625,
            "f1-score": 0.9047619047619047,
            "support": 64.0
        },
        "1": {
            "precision": 0.6818181818181818,
            "recall": 0.75,
            "f1-score": 0.7142857142857143,
            "support": 20.0
        },
        "accuracy": 0.8571428571428571,
        "macro avg": {
            "precision": 0.8005865102639296,
            "recall": 0.8203125,
            "f1-score": 0.8095238095238095,
            "support": 84.0
        },
        "weighted avg": {
            "precision": 0.8627984918307499,
            "recall": 0.8571428571428571,
            "f1-score": 0.8594104308390023,
            "support": 84.0
        }
    }
}