{
    "accuracy": 0.75,
    "precision": 0.47619047619047616,
    "recall": 0.5,
    "f1_score": 0.4878048780487805,
    "roc_auc": 0.85546875,
    "confusion_matrix": [
        [
            53,
            11
        ],
        [
            10,
            10
        ]
    ],
    "classification_report": {
        "0": {
            "precision": 0.8412698412698413,
            "recall": 0.828125,
            "f1-score": 0.8346456692913385,
            "support": 64.0
        },
        "1": {
            "precision": 0.47619047619047616,
            "recall": 0.5,
            "f1-score": 0.4878048780487805,
            "support": 20.0
        },
        "accuracy": 0.75,
        "macro avg": {
            "precision": 0.6587301587301587,
            "recall": 0.6640625,
            "f1-score": 0.6612252736700595,
            "support": 84.0
        },
        "weighted avg": {
            "precision": 0.7543461829176115,
            "recall": 0.75,
            "f1-score": 0.752064528519301,
            "support": 84.0
        }
    }
}