{
    "accuracy": 0.8452380952380952,
    "precision": 0.6666666666666666,
    "recall": 0.7,
    "f1_score": 0.6829268292682926,
    "roc_auc": 0.9195312499999999,
    "confusion_matrix": [
        [
            57,
            7
        ],
        [
            6,
            14
        ]
    ],
    "classification_report": {
        "0": {
            "precision": 0.9047619047619048,
            "recall": 0.890625,
            "f1-score": 0.8976377952755906,
            "support": 64.0
        },
        "1": {
            "precision": 0.6666666666666666,
            "recall": 0.7,
            "f1-score": 0.6829268292682926,
            "support": 20.0
        },
        "accuracy": 0.8452380952380952,
        "macro avg": {
            "precision": 0.7857142857142857,
            "recall": 0.7953125,
            "f1-score": 0.7902823122719416,
            "support": 84.0
        },
        "weighted avg": {
            "precision": 0.8480725623582767,
            "recall": 0.8452380952380952,
            "f1-score": 0.8465161367024245,
            "support": 84.0
        }
    }
}