{
    "accuracy": 0.8809523809523809,
    "precision": 0.75,
    "recall": 0.75,
    "f1_score": 0.75,
    "roc_auc": 0.9453125,
    "confusion_matrix": [
        [
            59,
            5
        ],
        [
            5,
            15
        ]
    ],
    "classification_report": {
        "0": {
            "precision": 0.921875,
            "recall": 0.921875,
            "f1-score": 0.921875,
            "support": 64.0
        },
        "1": {
            "precision": 0.75,
            "recall": 0.75,
            "f1-score": 0.75,
            "support": 20.0
        },
        "accuracy": 0.8809523809523809,
        "macro avg": {
            "precision": 0.8359375,
            "recall": 0.8359375,
            "f1-score": 0.8359375,
            "support": 84.0
        },
        "weighted avg": {
            "precision": 0.8809523809523809,
            "recall": 0.8809523809523809,
            "f1-score": 0.8809523809523809,
            "support": 84.0
        }
    }
}