{
    "accuracy": 0.8333333333333334,
    "precision": 0.6363636363636364,
    "recall": 0.7,
    "f1_score": 0.6666666666666666,
    "roc_auc": 0.91953125,
    "confusion_matrix": [
        [
            56,
            8
        ],
        [
            6,
            14
        ]
    ],
    "classification_report": {
        "0": {
            "precision": 0.9032258064516129,
            "recall": 0.875,
            "f1-score": 0.8888888888888888,
            "support": 64.0
        },
        "1": {
            "precision": 0.6363636363636364,
            "recall": 0.7,
            "f1-score": 0.6666666666666666,
            "support": 20.0
        },
        "accuracy": 0.8333333333333334,
        "macro avg": {
            "precision": 0.7697947214076246,
            "recall": 0.7875,
            "f1-score": 0.7777777777777777,
            "support": 84.0
        },
        "weighted avg": {
            "precision": 0.8396871945259041,
            "recall": 0.8333333333333334,
            "f1-score": 0.8359788359788359,
            "support": 84.0
        }
    }
}