{
    "accuracy": 0.9047619047619048,
    "precision": 0.8,
    "recall": 0.8,
    "f1_score": 0.8000000000000002,
    "roc_auc": 0.94375,
    "confusion_matrix": [
        [
            60,
            4
        ],
        [
            4,
            16
        ]
    ],
    "classification_report": {
        "0": {
            "precision": 0.9375,
            "recall": 0.9375,
            "f1-score": 0.9375,
            "support": 64.0
        },
        "1": {
            "precision": 0.8,
            "recall": 0.8,
            "f1-score": 0.8000000000000002,
            "support": 20.0
        },
        "accuracy": 0.9047619047619048,
        "macro avg": {
            "precision": 0.86875,
            "recall": 0.86875,
            "f1-score": 0.8687500000000001,
            "support": 84.0
        },
        "weighted avg": {
            "precision": 0.9047619047619048,
            "recall": 0.9047619047619048,
            "f1-score": 0.9047619047619048,
            "support": 84.0
        }
    }
}