{
    "accuracy": 0.7857142857142857,
    "precision": 0.5357142857142857,
    "recall": 0.75,
    "f1_score": 0.6250000000000001,
    "roc_auc": 0.876171875,
    "confusion_matrix": [
        [
            51,
            13
        ],
        [
            5,
            15
        ]
    ],
    "classification_report": {
        "0": {
            "precision": 0.9107142857142857,
            "recall": 0.796875,
            "f1-score": 0.85,
            "support": 64.0
        },
        "1": {
            "precision": 0.5357142857142857,
            "recall": 0.75,
            "f1-score": 0.6250000000000001,
            "support": 20.0
        },
        "accuracy": 0.7857142857142857,
        "macro avg": {
            "precision": 0.7232142857142857,
            "recall": 0.7734375,
            "f1-score": 0.7375,
            "support": 84.0
        },
        "weighted avg": {
            "precision": 0.8214285714285714,
            "recall": 0.7857142857142857,
            "f1-score": 0.7964285714285715,
            "support": 84.0
        }
    }
}