{
    "accuracy": 0.7738095238095238,
    "precision": 0.5217391304347826,
    "recall": 0.6,
    "f1_score": 0.5581395348837209,
    "roc_auc": 0.875,
    "confusion_matrix": [
        [
            53,
            11
        ],
        [
            8,
            12
        ]
    ],
    "classification_report": {
        "0": {
            "precision": 0.8688524590163934,
            "recall": 0.828125,
            "f1-score": 0.8480000000000001,
            "support": 64.0
        },
        "1": {
            "precision": 0.5217391304347826,
            "recall": 0.6,
            "f1-score": 0.5581395348837209,
            "support": 20.0
        },
        "accuracy": 0.7738095238095238,
        "macro avg": {
            "precision": 0.695295794725588,
            "recall": 0.7140625,
            "f1-score": 0.7030697674418604,
            "support": 84.0
        },
        "weighted avg": {
            "precision": 0.7862064284017242,
            "recall": 0.7738095238095238,
            "f1-score": 0.7789856035437432,
            "support": 84.0
        }
    }
}